Fold,Epoch,Train Loss,Train Accuracy,Test Loss,Test Accuracy,Best Accuracy
1,0,0.6945746246973673,0.44666666666666666,0.6914203512041193,0.42105263157894735,0.42105263157894735
1,1,0.6897077202796936,0.5666666666666667,0.6849924921989441,0.7631578947368421,0.7631578947368421
1,2,0.687857133547465,0.62,0.67406228655263,0.7631578947368421,0.7631578947368421
1,3,0.682386752764384,0.64,0.660828129241341,0.7631578947368421,0.7631578947368421
1,4,0.6792402116457621,0.64,0.6477899425908139,0.7631578947368421,0.7631578947368421
1,5,0.6706405226389567,0.64,0.6360362203497636,0.7631578947368421,0.7631578947368421
1,6,0.66385812997818,0.64,0.6208396240284568,0.7631578947368421,0.7631578947368421
1,7,0.6600897407531738,0.64,0.6043775207117984,0.7631578947368421,0.7631578947368421
1,8,0.6548268826802571,0.64,0.589234471321106,0.7631578947368421,0.7631578947368421
1,9,0.6495340776443481,0.64,0.5776904727283277,0.7631578947368421,0.7631578947368421
1,10,0.6465798163414002,0.64,0.5669527524395993,0.7631578947368421,0.7631578947368421
1,11,0.645428520043691,0.64,0.5614870818037736,0.7631578947368421,0.7631578947368421
1,12,0.6438163860638937,0.64,0.5560590718921862,0.7631578947368421,0.7631578947368421
1,13,0.6387907608350119,0.64,0.5532853195541784,0.7631578947368421,0.7631578947368421
1,14,0.6406402722994486,0.64,0.5477471241825506,0.7631578947368421,0.7631578947368421
1,15,0.6371029535929362,0.64,0.5459863057262019,0.7631578947368421,0.7631578947368421
1,16,0.638308072090149,0.64,0.548207257923327,0.7631578947368421,0.7631578947368421
1,17,0.6310327283541362,0.64,0.5447400133860739,0.7631578947368421,0.7631578947368421
1,18,0.6356105017662048,0.64,0.542221232464439,0.7631578947368421,0.7631578947368421
1,19,0.6305515233675639,0.64,0.5436065589126787,0.7631578947368421,0.7631578947368421
1,20,0.6287627124786377,0.64,0.5395152490389975,0.7631578947368421,0.7631578947368421
1,21,0.6252163362503051,0.64,0.5321422250647294,0.7631578947368421,0.7631578947368421
1,22,0.6233828202883402,0.64,0.5258236354903171,0.7631578947368421,0.7631578947368421
1,23,0.6192265566190084,0.64,0.5237053632736206,0.7631578947368421,0.7631578947368421
1,24,0.6168602053324381,0.64,0.520556042068883,0.7631578947368421,0.7631578947368421
1,25,0.6167996486028036,0.6466666666666666,0.5171804569269481,0.7631578947368421,0.7631578947368421
1,26,0.6111652263005575,0.64,0.514482568753393,0.7894736842105263,0.7894736842105263
1,27,0.6048686361312866,0.6466666666666666,0.5050974409831198,0.7894736842105263,0.7894736842105263
1,28,0.6061667784055074,0.6533333333333333,0.5005123944658982,0.7894736842105263,0.7894736842105263
1,29,0.6044434030850728,0.6533333333333333,0.49688131401413366,0.7894736842105263,0.7894736842105263
1,30,0.5995665264129638,0.6466666666666666,0.4913518664083983,0.8421052631578947,0.8421052631578947
1,31,0.5967213861147562,0.6333333333333333,0.48905983724092184,0.8157894736842105,0.8421052631578947
1,32,0.5935939232508342,0.6466666666666666,0.4811368725801769,0.8157894736842105,0.8421052631578947
1,33,0.5903159817059834,0.66,0.4803620780769147,0.868421052631579,0.868421052631579
1,34,0.586531221071879,0.6533333333333333,0.47267964482307434,0.868421052631579,0.868421052631579
1,35,0.5829723167419434,0.66,0.47498915854253265,0.868421052631579,0.868421052631579
1,36,0.5797140642007192,0.6666666666666666,0.46646238785041005,0.868421052631579,0.868421052631579
1,37,0.572804081439972,0.6666666666666666,0.4564932443593678,0.868421052631579,0.868421052631579
1,38,0.5771761616071065,0.6666666666666666,0.4504824045457338,0.868421052631579,0.868421052631579
1,39,0.5710845200220743,0.6733333333333333,0.45059510751774434,0.868421052631579,0.868421052631579
1,40,0.5625967955589295,0.68,0.4535412929560009,0.8421052631578947,0.868421052631579
1,41,0.5636458357175191,0.68,0.4498303611027567,0.8421052631578947,0.868421052631579
1,42,0.5618161686261495,0.68,0.44728752656986837,0.8421052631578947,0.868421052631579
1,43,0.5581498312950134,0.6866666666666666,0.43888014711831747,0.8421052631578947,0.868421052631579
1,44,0.5544374855359395,0.6866666666666666,0.4274240355742605,0.868421052631579,0.868421052631579
1,45,0.5491810456911723,0.7,0.42241454124450684,0.868421052631579,0.868421052631579
1,46,0.5489348781108856,0.6866666666666666,0.4241918623447418,0.8421052631578947,0.868421052631579
1,47,0.5438943521181743,0.7066666666666667,0.41918669092027766,0.868421052631579,0.868421052631579
1,48,0.5406011231740315,0.7,0.4084579144653521,0.868421052631579,0.868421052631579
1,49,0.5351749726136525,0.72,0.411046763784007,0.8421052631578947,0.868421052631579
1,50,0.5356777858734131,0.7133333333333334,0.4046863709625445,0.8421052631578947,0.868421052631579
1,51,0.5341769961516062,0.72,0.40897757912936966,0.8421052631578947,0.868421052631579
1,52,0.528055469195048,0.7333333333333333,0.4010784249556692,0.868421052631579,0.868421052631579
1,53,0.5280720702807109,0.74,0.3973677048557683,0.868421052631579,0.868421052631579
1,54,0.5201227521896362,0.72,0.3908193880005887,0.868421052631579,0.868421052631579
1,55,0.5206944910685222,0.7533333333333333,0.3916003500160418,0.868421052631579,0.868421052631579
1,56,0.516893884340922,0.7533333333333333,0.381976560542458,0.868421052631579,0.868421052631579
1,57,0.515421523253123,0.7333333333333333,0.38675499746673986,0.8421052631578947,0.868421052631579
1,58,0.5093541542689005,0.78,0.38511520781015096,0.8421052631578947,0.868421052631579
1,59,0.5116883289813995,0.78,0.37625493501362045,0.8421052631578947,0.868421052631579
1,60,0.5092526745796203,0.76,0.36210827294148895,0.8947368421052632,0.8947368421052632
1,61,0.5064436193307241,0.76,0.3645245589708027,0.868421052631579,0.8947368421052632
1,62,0.49960608839988707,0.76,0.36945407798415736,0.8421052631578947,0.8947368421052632
1,63,0.5048617275555929,0.76,0.3611926985414405,0.8421052631578947,0.8947368421052632
1,64,0.4935804001490275,0.7466666666666667,0.3610554980604272,0.8421052631578947,0.8947368421052632
1,65,0.4969885579744975,0.76,0.36118336727744654,0.8421052631578947,0.8947368421052632
1,66,0.48734418789545697,0.78,0.36547733764899404,0.8421052631578947,0.8947368421052632
1,67,0.4858224892616272,0.78,0.3523823901226646,0.8421052631578947,0.8947368421052632
1,68,0.48780506213506064,0.76,0.3437985260235636,0.8421052631578947,0.8947368421052632
1,69,0.48428739349047345,0.78,0.34906664020136785,0.8421052631578947,0.8947368421052632
1,70,0.4799259352684021,0.7733333333333333,0.35338350973631205,0.8421052631578947,0.8947368421052632
1,71,0.4860995105902354,0.76,0.35339843128856857,0.8421052631578947,0.8947368421052632
1,72,0.47591768264770506,0.7933333333333333,0.34229582077578496,0.8421052631578947,0.8947368421052632
1,73,0.47542029778162637,0.78,0.3390768029187855,0.8421052631578947,0.8947368421052632
1,74,0.4734893540541331,0.7733333333333333,0.3412100155102579,0.8421052631578947,0.8947368421052632
1,75,0.4709320147832235,0.7933333333333333,0.34699246601054545,0.8421052631578947,0.8947368421052632
1,76,0.47182129859924316,0.7866666666666666,0.33532734450541046,0.8421052631578947,0.8947368421052632
1,77,0.472009117603302,0.7666666666666667,0.33204529159947443,0.8421052631578947,0.8947368421052632
1,78,0.47204850991566977,0.7666666666666667,0.3305193687740125,0.8421052631578947,0.8947368421052632
1,79,0.4623241360982259,0.7933333333333333,0.3300905337459163,0.8421052631578947,0.8947368421052632
1,80,0.4625794792175293,0.8,0.33314868494084005,0.8421052631578947,0.8947368421052632
1,81,0.46377968033154804,0.7866666666666666,0.3277947447801891,0.8421052631578947,0.8947368421052632
1,82,0.4606318728129069,0.78,0.33238205627391215,0.8421052631578947,0.8947368421052632
1,83,0.45887847820917765,0.8,0.32875923106544896,0.8421052631578947,0.8947368421052632
1,84,0.45642290711402894,0.8,0.3241633176803589,0.8421052631578947,0.8947368421052632
1,85,0.45523000876108805,0.8066666666666666,0.32037670831931264,0.8421052631578947,0.8947368421052632
1,86,0.45318835020065307,0.8066666666666666,0.319798828739869,0.8421052631578947,0.8947368421052632
1,87,0.45392413934071857,0.7933333333333333,0.32026392064596476,0.8421052631578947,0.8947368421052632
1,88,0.44691157539685566,0.7933333333333333,0.32139027902954503,0.8421052631578947,0.8947368421052632
1,89,0.45747388164202374,0.7933333333333333,0.31297216133067485,0.8421052631578947,0.8947368421052632
1,90,0.44320927182833353,0.82,0.31033096815410416,0.8421052631578947,0.8947368421052632
1,91,0.44909321784973144,0.8066666666666666,0.31803514612348455,0.8421052631578947,0.8947368421052632
1,92,0.4430535364151001,0.8066666666666666,0.31722510488409744,0.8421052631578947,0.8947368421052632
1,93,0.44050599535306295,0.8,0.3214637307744277,0.8421052631578947,0.8947368421052632
1,94,0.4396879442532857,0.8,0.31418904348423604,0.8421052631578947,0.8947368421052632
1,95,0.43032267491022747,0.8133333333333334,0.30739251092860576,0.8421052631578947,0.8947368421052632
1,96,0.43559253056844077,0.8,0.30758601740786906,0.8421052631578947,0.8947368421052632
1,97,0.44190520405769346,0.7933333333333333,0.30914767164933055,0.8421052631578947,0.8947368421052632
1,98,0.43164186318715414,0.8066666666666666,0.3128599806835777,0.8421052631578947,0.8947368421052632
1,99,0.43125465234120686,0.7933333333333333,0.31306894829398707,0.8421052631578947,0.8947368421052632
1,100,0.4343353760242462,0.7866666666666666,0.30527607861318085,0.8421052631578947,0.8947368421052632
1,101,0.4417018187046051,0.8066666666666666,0.29943563436207016,0.868421052631579,0.8947368421052632
1,102,0.436575532356898,0.8266666666666667,0.2991887660403001,0.868421052631579,0.8947368421052632
1,103,0.43180852810541787,0.82,0.301440157388386,0.868421052631579,0.8947368421052632
1,104,0.4402169946829478,0.8333333333333334,0.3084713832328194,0.8421052631578947,0.8947368421052632
1,105,0.4335868779818217,0.8,0.30991435207818685,0.8421052631578947,0.8947368421052632
1,106,0.43399045745531717,0.8066666666666666,0.3147006019165641,0.8421052631578947,0.8947368421052632
1,107,0.4316119360923767,0.8066666666666666,0.3044165827726063,0.8421052631578947,0.8947368421052632
1,108,0.4315415938695272,0.84,0.29693435367785004,0.868421052631579,0.8947368421052632
1,109,0.42328687985738117,0.8333333333333334,0.29642704442927714,0.868421052631579,0.8947368421052632
1,110,0.4273869522412618,0.8333333333333334,0.2977994241212544,0.868421052631579,0.8947368421052632
1,111,0.4264716466267904,0.8266666666666667,0.3005582360844863,0.8421052631578947,0.8947368421052632
1,112,0.425653160015742,0.8066666666666666,0.30433521772685806,0.8421052631578947,0.8947368421052632
1,113,0.43005444169044493,0.8266666666666667,0.30124956683108683,0.8421052631578947,0.8947368421052632
1,114,0.42589193463325503,0.8066666666666666,0.2990165054798126,0.868421052631579,0.8947368421052632
1,115,0.4378243601322174,0.8066666666666666,0.29775618095146983,0.868421052631579,0.8947368421052632
1,116,0.4252576752503713,0.8266666666666667,0.2993217204746447,0.868421052631579,0.8947368421052632
1,117,0.41994786779085796,0.82,0.29867790090410334,0.868421052631579,0.8947368421052632
1,118,0.42916260242462156,0.8133333333333334,0.2969966922935687,0.868421052631579,0.8947368421052632
1,119,0.42681304772694906,0.8133333333333334,0.2970963638079794,0.868421052631579,0.8947368421052632
1,120,0.4290512955188751,0.82,0.2973229116515109,0.868421052631579,0.8947368421052632
1,121,0.4222160959243774,0.8266666666666667,0.29790540745383814,0.868421052631579,0.8947368421052632
1,122,0.4295049138863881,0.8266666666666667,0.29924768523166057,0.868421052631579,0.8947368421052632
1,123,0.4200876224040985,0.8266666666666667,0.2994468761117835,0.868421052631579,0.8947368421052632
1,124,0.4271072232723236,0.8133333333333334,0.2987038383358403,0.868421052631579,0.8947368421052632
1,125,0.4295297114054362,0.8133333333333334,0.29660890447466,0.868421052631579,0.8947368421052632
1,126,0.4183470356464386,0.8333333333333334,0.2962903960754997,0.868421052631579,0.8947368421052632
1,127,0.43003197471300764,0.82,0.2968970223477012,0.868421052631579,0.8947368421052632
1,128,0.4235642949740092,0.8,0.2969578881012766,0.868421052631579,0.8947368421052632
1,129,0.42103453000386554,0.8133333333333334,0.29758957342097636,0.868421052631579,0.8947368421052632
1,130,0.41945343097050986,0.8333333333333334,0.2989435070439389,0.868421052631579,0.8947368421052632
1,131,0.41590861320495603,0.8266666666666667,0.3004638505609412,0.868421052631579,0.8947368421052632
1,132,0.42430698990821836,0.82,0.2997719347476959,0.868421052631579,0.8947368421052632
1,133,0.4174664322535197,0.8266666666666667,0.2997621062554811,0.868421052631579,0.8947368421052632
1,134,0.4186902892589569,0.8333333333333334,0.2993243619015342,0.868421052631579,0.8947368421052632
1,135,0.4183116102218628,0.8333333333333334,0.2998202537235461,0.868421052631579,0.8947368421052632
1,136,0.4319600248336792,0.8,0.29858513411722687,0.868421052631579,0.8947368421052632
1,137,0.4247093653678894,0.8333333333333334,0.2977676203376369,0.868421052631579,0.8947368421052632
1,138,0.41784658511479694,0.8066666666666666,0.29743852897694234,0.868421052631579,0.8947368421052632
1,139,0.41712637702624006,0.8266666666666667,0.2979265890623394,0.868421052631579,0.8947368421052632
1,140,0.41891268094380696,0.82,0.2974541563736765,0.868421052631579,0.8947368421052632
1,141,0.4169903612136841,0.8266666666666667,0.29728697475634125,0.868421052631579,0.8947368421052632
1,142,0.4231923671563466,0.8133333333333334,0.297685339262611,0.868421052631579,0.8947368421052632
1,143,0.4100084416071574,0.82,0.29806415187685115,0.868421052631579,0.8947368421052632
1,144,0.41954007585843406,0.84,0.29872038333039536,0.868421052631579,0.8947368421052632
1,145,0.41630147854487104,0.8333333333333334,0.29851851337834406,0.868421052631579,0.8947368421052632
1,146,0.4247271092732747,0.82,0.2985255279039082,0.868421052631579,0.8947368421052632
1,147,0.4101422675450643,0.8333333333333334,0.29849846112100703,0.868421052631579,0.8947368421052632
1,148,0.41699148615201315,0.8333333333333334,0.2985946206670058,0.868421052631579,0.8947368421052632
1,149,0.4151807908217112,0.8333333333333334,0.29848496537459523,0.868421052631579,0.8947368421052632
1,150,0.41268874923388166,0.8533333333333334,0.2982181185170224,0.868421052631579,0.8947368421052632
1,151,0.42281862179438273,0.82,0.2979993255514848,0.868421052631579,0.8947368421052632
1,152,0.4199873685836792,0.8066666666666666,0.2979231006220767,0.868421052631579,0.8947368421052632
1,153,0.42139851252237953,0.8266666666666667,0.29783727150214345,0.868421052631579,0.8947368421052632
1,154,0.42050065914789836,0.8333333333333334,0.2978766717408833,0.868421052631579,0.8947368421052632
1,155,0.41265631477038067,0.8133333333333334,0.29787829047755193,0.868421052631579,0.8947368421052632
1,156,0.4319303564230601,0.8133333333333334,0.29787231589618485,0.868421052631579,0.8947368421052632
1,157,0.4223582724730174,0.8,0.29784787328619705,0.868421052631579,0.8947368421052632
1,158,0.42853020230929056,0.8133333333333334,0.29784210261545685,0.868421052631579,0.8947368421052632
1,159,0.42530958652496337,0.8333333333333334,0.29784028937942103,0.868421052631579,0.8947368421052632
1,160,0.40503719329833987,0.8333333333333334,0.29783890278715835,0.868421052631579,0.8947368421052632
2,0,0.7319212889671326,0.35333333333333333,0.7678850450013813,0.2631578947368421,0.2631578947368421
2,1,0.7300791851679485,0.35333333333333333,0.7576406158899006,0.2631578947368421,0.2631578947368421
2,2,0.7183054010073344,0.35333333333333333,0.7406587381111948,0.2631578947368421,0.2631578947368421
2,3,0.7108746433258056,0.36,0.7184945407666659,0.2631578947368421,0.2631578947368421
2,4,0.6949270987510681,0.48,0.6932614947620191,0.631578947368421,0.631578947368421
2,5,0.6800428358713786,0.6666666666666666,0.6689598340737192,0.6578947368421053,0.6578947368421053
2,6,0.6656328241030375,0.6866666666666666,0.6469263434410095,0.7368421052631579,0.7368421052631579
2,7,0.6517476685841879,0.64,0.6268963405960485,0.7368421052631579,0.7368421052631579
2,8,0.6422156874338786,0.6533333333333333,0.6113906690948888,0.7368421052631579,0.7368421052631579
2,9,0.6355744934082032,0.6466666666666666,0.5976641962402746,0.7368421052631579,0.7368421052631579
2,10,0.6264284006754557,0.6466666666666666,0.5893969033893786,0.7368421052631579,0.7368421052631579
2,11,0.6234757113456726,0.6466666666666666,0.5846314461607682,0.7368421052631579,0.7368421052631579
2,12,0.6196631344159444,0.6466666666666666,0.583829707220981,0.7368421052631579,0.7368421052631579
2,13,0.6154450058937073,0.6466666666666666,0.5815218624315763,0.7368421052631579,0.7368421052631579
2,14,0.6104405236244201,0.6466666666666666,0.5820861458778381,0.7368421052631579,0.7368421052631579
2,15,0.6072514049212138,0.6466666666666666,0.5804186431985152,0.7368421052631579,0.7368421052631579
2,16,0.6034014280637106,0.6466666666666666,0.5807885935432032,0.7368421052631579,0.7368421052631579
2,17,0.602201327085495,0.66,0.5801053094236475,0.7368421052631579,0.7368421052631579
2,18,0.59809778769811,0.66,0.5784941237223776,0.7368421052631579,0.7368421052631579
2,19,0.595005407333374,0.66,0.5783290863037109,0.7368421052631579,0.7368421052631579
2,20,0.582949743270874,0.68,0.5795319692084664,0.7368421052631579,0.7368421052631579
2,21,0.586413962841034,0.6666666666666666,0.5802732408046722,0.7105263157894737,0.7368421052631579
2,22,0.5764942797025044,0.7,0.579565743082448,0.6842105263157895,0.7368421052631579
2,23,0.5731493862469991,0.6933333333333334,0.5759441899625879,0.6842105263157895,0.7368421052631579
2,24,0.5645449876785278,0.6933333333333334,0.5746175819321683,0.6842105263157895,0.7368421052631579
2,25,0.5622132245699565,0.7066666666666667,0.575419124804045,0.6578947368421053,0.7368421052631579
2,26,0.5558639280001323,0.7133333333333334,0.5753818232762186,0.6578947368421053,0.7368421052631579
2,27,0.5512298425038655,0.7066666666666667,0.5735273345520622,0.6578947368421053,0.7368421052631579
2,28,0.5421847796440125,0.7333333333333333,0.5747609389455695,0.631578947368421,0.7368421052631579
2,29,0.5451218835512797,0.7133333333333334,0.5715390365374716,0.631578947368421,0.7368421052631579
2,30,0.5371956777572632,0.7333333333333333,0.5727661283392655,0.6578947368421053,0.7368421052631579
2,31,0.52722190062205,0.7333333333333333,0.5718579982456408,0.6842105263157895,0.7368421052631579
2,32,0.523365273475647,0.7266666666666667,0.5716370720612375,0.6842105263157895,0.7368421052631579
2,33,0.5214926902453104,0.72,0.5732691272308952,0.6842105263157895,0.7368421052631579
2,34,0.5182518911361694,0.7333333333333333,0.576282451027318,0.631578947368421,0.7368421052631579
2,35,0.5147417902946472,0.7266666666666667,0.56520802723734,0.6842105263157895,0.7368421052631579
2,36,0.5045503298441569,0.7466666666666667,0.5606384073433123,0.6578947368421053,0.7368421052631579
2,37,0.5067323478062947,0.74,0.5553930370431197,0.6578947368421053,0.7368421052631579
2,38,0.5079350221157074,0.74,0.5544237165074599,0.6578947368421053,0.7368421052631579
2,39,0.49794552048047386,0.7466666666666667,0.554889545628899,0.6842105263157895,0.7368421052631579
2,40,0.49190334836641947,0.7666666666666667,0.5528845928217235,0.6842105263157895,0.7368421052631579
2,41,0.4898160243034363,0.76,0.5496040472858831,0.6842105263157895,0.7368421052631579
2,42,0.48855836073557535,0.7733333333333333,0.5445863839827085,0.6578947368421053,0.7368421052631579
2,43,0.48418699304262797,0.76,0.5398123828988326,0.7368421052631579,0.7368421052631579
2,44,0.4823157266775767,0.7666666666666667,0.536035889073422,0.7368421052631579,0.7368421052631579
2,45,0.4841175635655721,0.7733333333333333,0.5341144470792067,0.7631578947368421,0.7631578947368421
2,46,0.47818537553151447,0.76,0.5280886778705999,0.7631578947368421,0.7631578947368421
2,47,0.48038506507873535,0.76,0.5271840205318049,0.7631578947368421,0.7631578947368421
2,48,0.47419146418571473,0.7466666666666667,0.5200646754942442,0.7631578947368421,0.7631578947368421
2,49,0.46928188323974607,0.7666666666666667,0.5184284652534284,0.7368421052631579,0.7631578947368421
2,50,0.47119879444440205,0.76,0.514520609065106,0.7631578947368421,0.7631578947368421
2,51,0.46471204042434694,0.76,0.5113325448412644,0.7631578947368421,0.7631578947368421
2,52,0.46706958214441935,0.7733333333333333,0.5089142181371388,0.7631578947368421,0.7631578947368421
2,53,0.4563158377011617,0.7733333333333333,0.5063609088722029,0.7631578947368421,0.7631578947368421
2,54,0.454614067475001,0.7733333333333333,0.503254063819584,0.7631578947368421,0.7631578947368421
2,55,0.4580755881468455,0.78,0.4999107577298817,0.7631578947368421,0.7631578947368421
2,56,0.45595332463582355,0.7733333333333333,0.4991987551513471,0.7631578947368421,0.7631578947368421
2,57,0.4543905202547709,0.7666666666666667,0.4964761153647774,0.7631578947368421,0.7631578947368421
2,58,0.45540122509002684,0.7733333333333333,0.4921579564872541,0.7631578947368421,0.7631578947368421
2,59,0.45180456082026166,0.7666666666666667,0.4903458717622255,0.7631578947368421,0.7631578947368421
2,60,0.4525924297173818,0.7866666666666666,0.4885086323085584,0.7631578947368421,0.7631578947368421
2,61,0.4446626551946004,0.7666666666666667,0.4870575023324866,0.7631578947368421,0.7631578947368421
2,62,0.44613335132598875,0.76,0.48513809630745336,0.7631578947368421,0.7631578947368421
2,63,0.4380825614929199,0.7733333333333333,0.4827167893710889,0.7631578947368421,0.7631578947368421
2,64,0.43610148191452025,0.7733333333333333,0.48020403792983607,0.7631578947368421,0.7631578947368421
2,65,0.43857338587443034,0.7733333333333333,0.479097654944972,0.7631578947368421,0.7631578947368421
2,66,0.43872690041859946,0.78,0.4747604068956877,0.7631578947368421,0.7631578947368421
2,67,0.4327858587106069,0.7666666666666667,0.4719701801475726,0.7631578947368421,0.7631578947368421
2,68,0.4269750384489695,0.7733333333333333,0.4701244862456071,0.7631578947368421,0.7631578947368421
2,69,0.428627876440684,0.78,0.4681280145519658,0.7631578947368421,0.7631578947368421
2,70,0.43067771315574643,0.7733333333333333,0.46547257429675054,0.7631578947368421,0.7631578947368421
2,71,0.4388623106479645,0.7733333333333333,0.46285567628709895,0.7631578947368421,0.7631578947368421
2,72,0.4264942407608032,0.7733333333333333,0.4608580077949323,0.7631578947368421,0.7631578947368421
2,73,0.42295933643976846,0.7733333333333333,0.45978399013218124,0.7631578947368421,0.7631578947368421
2,74,0.4220186241467794,0.7733333333333333,0.4571043190203215,0.7631578947368421,0.7631578947368421
2,75,0.4218230352799098,0.7733333333333333,0.45437730456653397,0.7631578947368421,0.7631578947368421
2,76,0.42321882843971254,0.7866666666666666,0.4525208786914223,0.7631578947368421,0.7631578947368421
2,77,0.41763259450594586,0.78,0.44983923905774165,0.7631578947368421,0.7631578947368421
2,78,0.41886043270428974,0.7933333333333333,0.44850550984081466,0.7631578947368421,0.7631578947368421
2,79,0.4128452761967977,0.7733333333333333,0.4461051429572858,0.7631578947368421,0.7631578947368421
2,80,0.4105278380711873,0.8,0.4448177296864359,0.8421052631578947,0.8421052631578947
2,81,0.41098405003547667,0.7933333333333333,0.44325418378177445,0.8421052631578947,0.8421052631578947
2,82,0.41098199725151063,0.8066666666666666,0.43877896509672465,0.8157894736842105,0.8421052631578947
2,83,0.4117552077770233,0.7866666666666666,0.4380046913498326,0.7631578947368421,0.8421052631578947
2,84,0.40898883978525796,0.7733333333333333,0.435771328838248,0.8157894736842105,0.8421052631578947
2,85,0.4077001690864563,0.7933333333333333,0.43558706264746816,0.7894736842105263,0.8421052631578947
2,86,0.4049747451146444,0.8066666666666666,0.4323277865585528,0.7894736842105263,0.8421052631578947
2,87,0.4023140982786814,0.8,0.42913704326278285,0.8157894736842105,0.8421052631578947
2,88,0.41323832114537556,0.7933333333333333,0.42680442176367106,0.7631578947368421,0.8421052631578947
2,89,0.4038758039474487,0.8066666666666666,0.4255114558495973,0.8157894736842105,0.8421052631578947
2,90,0.39661155859629316,0.8,0.4243953180940528,0.7894736842105263,0.8421052631578947
2,91,0.3983171963691711,0.8133333333333334,0.4228711065493132,0.7894736842105263,0.8421052631578947
2,92,0.40342135628064474,0.8,0.421603577701669,0.7894736842105263,0.8421052631578947
2,93,0.396040397087733,0.8,0.4196993865464863,0.7894736842105263,0.8421052631578947
2,94,0.39327741543451944,0.8,0.41814449586366353,0.7894736842105263,0.8421052631578947
2,95,0.3978078305721283,0.8,0.4173038178368619,0.7894736842105263,0.8421052631578947
2,96,0.39831571499506635,0.8266666666666667,0.4166640043258667,0.7894736842105263,0.8421052631578947
2,97,0.38509809335072837,0.8133333333333334,0.4165997756154914,0.7894736842105263,0.8421052631578947
2,98,0.39053841431935626,0.8266666666666667,0.41480639733766256,0.7894736842105263,0.8421052631578947
2,99,0.394097003142039,0.8133333333333334,0.41336370926154287,0.7894736842105263,0.8421052631578947
2,100,0.379757520755132,0.84,0.4117156816156287,0.7894736842105263,0.8421052631578947
2,101,0.40536818663279217,0.8133333333333334,0.41050559125448527,0.7894736842105263,0.8421052631578947
2,102,0.38019451379776004,0.8266666666666667,0.4094462316287191,0.7894736842105263,0.8421052631578947
2,103,0.38351603945096335,0.84,0.40802126181753057,0.8157894736842105,0.8421052631578947
2,104,0.3809515082836151,0.8266666666666667,0.40823634204111603,0.8157894736842105,0.8421052631578947
2,105,0.3770781207084656,0.8333333333333334,0.40612991860038355,0.8157894736842105,0.8421052631578947
2,106,0.38257813970247906,0.8133333333333334,0.40593495337586655,0.7894736842105263,0.8421052631578947
2,107,0.3813875695069631,0.84,0.4091854675819999,0.7894736842105263,0.8421052631578947
2,108,0.3741490232944489,0.8333333333333334,0.41084039368127523,0.7894736842105263,0.8421052631578947
2,109,0.395081444978714,0.8333333333333334,0.4061825071510516,0.7894736842105263,0.8421052631578947
2,110,0.3817893008391062,0.8466666666666667,0.40519861641683075,0.8157894736842105,0.8421052631578947
2,111,0.38932244459788007,0.82,0.4062385417913136,0.8157894736842105,0.8421052631578947
2,112,0.37394519249598185,0.84,0.40442379054270294,0.8157894736842105,0.8421052631578947
2,113,0.3805823127428691,0.82,0.40339081224642304,0.8157894736842105,0.8421052631578947
2,114,0.3830245399475098,0.8266666666666667,0.4022621951605144,0.8157894736842105,0.8421052631578947
2,115,0.39636485040187835,0.8266666666666667,0.4013265826200184,0.8157894736842105,0.8421052631578947
2,116,0.3782136841615041,0.8266666666666667,0.40105757587834406,0.8157894736842105,0.8421052631578947
2,117,0.37968568086624144,0.8266666666666667,0.4006183131744987,0.8157894736842105,0.8421052631578947
2,118,0.3882973869641622,0.84,0.4015065259055087,0.8157894736842105,0.8421052631578947
2,119,0.3758312217394511,0.8333333333333334,0.4023622446938565,0.868421052631579,0.868421052631579
2,120,0.38533839186032615,0.8266666666666667,0.4004029615929252,0.8421052631578947,0.868421052631579
2,121,0.370808695157369,0.8333333333333334,0.3989356081736715,0.8157894736842105,0.868421052631579
2,122,0.3655923153956731,0.8466666666666667,0.39863397259461253,0.8421052631578947,0.868421052631579
2,123,0.3826152296861013,0.8266666666666667,0.3977543084244979,0.8157894736842105,0.868421052631579
2,124,0.3669466169675191,0.84,0.39849603332971273,0.8421052631578947,0.868421052631579
2,125,0.3719208796819051,0.8333333333333334,0.39864315014136464,0.868421052631579,0.868421052631579
2,126,0.37214312513669334,0.8333333333333334,0.39877226321320786,0.868421052631579,0.868421052631579
2,127,0.38470450083414715,0.8333333333333334,0.39710215832057755,0.8421052631578947,0.868421052631579
2,128,0.3751953077316284,0.8466666666666667,0.3960475184415516,0.8157894736842105,0.868421052631579
2,129,0.3810084859530131,0.8333333333333334,0.39601613816462067,0.8157894736842105,0.868421052631579
2,130,0.37046852668126423,0.8333333333333334,0.39586493372917175,0.8157894736842105,0.868421052631579
2,131,0.3655340083440145,0.8333333333333334,0.3957040325591439,0.8157894736842105,0.868421052631579
2,132,0.36578269839286803,0.8533333333333334,0.395777879576934,0.8421052631578947,0.868421052631579
2,133,0.3787655250231425,0.8466666666666667,0.39536667183825847,0.8421052631578947,0.868421052631579
2,134,0.37779052535692853,0.8466666666666667,0.3944825482995887,0.8157894736842105,0.868421052631579
2,135,0.3646759315331777,0.86,0.3938871543658407,0.8157894736842105,0.868421052631579
2,136,0.3715900278091431,0.84,0.3937808526189704,0.8157894736842105,0.868421052631579
2,137,0.3786036789417267,0.82,0.39370098239497137,0.8157894736842105,0.868421052631579
2,138,0.3650829295317332,0.8333333333333334,0.39360975434905604,0.8157894736842105,0.868421052631579
2,139,0.36864344477653505,0.84,0.39368922616306107,0.8157894736842105,0.868421052631579
2,140,0.37359138290087385,0.84,0.3939551475800966,0.8157894736842105,0.868421052631579
2,141,0.3730075403054555,0.8533333333333334,0.39411347633913946,0.8421052631578947,0.868421052631579
2,142,0.3690263485908508,0.84,0.3941220845046796,0.8421052631578947,0.868421052631579
2,143,0.3638281305631002,0.8266666666666667,0.39403092390612554,0.8421052631578947,0.868421052631579
2,144,0.374026521841685,0.8333333333333334,0.3937712327430123,0.8157894736842105,0.868421052631579
2,145,0.368209635814031,0.8333333333333334,0.39355626859162984,0.8157894736842105,0.868421052631579
2,146,0.36932129820187887,0.86,0.39352891162822123,0.8157894736842105,0.868421052631579
2,147,0.3780208973089854,0.82,0.39345274787200124,0.8157894736842105,0.868421052631579
2,148,0.3693408536911011,0.8666666666666667,0.3933649486617038,0.8157894736842105,0.868421052631579
2,149,0.3624073612689972,0.8466666666666667,0.3933215894197163,0.8157894736842105,0.868421052631579
2,150,0.36147972544034324,0.8466666666666667,0.39328521646951375,0.8157894736842105,0.868421052631579
2,151,0.3714397235711416,0.82,0.3932161503716519,0.8157894736842105,0.868421052631579
2,152,0.37128485282262164,0.84,0.3931829301934493,0.8157894736842105,0.868421052631579
2,153,0.37302836298942565,0.8533333333333334,0.39316867056645843,0.8157894736842105,0.868421052631579
2,154,0.3663791680335999,0.82,0.3931659177729958,0.8157894736842105,0.868421052631579
2,155,0.3748396372795105,0.84,0.39314986373248856,0.8157894736842105,0.868421052631579
2,156,0.3680759823322296,0.82,0.39314023601381404,0.8157894736842105,0.868421052631579
2,157,0.3676073616743088,0.8533333333333334,0.3931432476169185,0.8157894736842105,0.868421052631579
2,158,0.3745965874195099,0.8466666666666667,0.39314633137301397,0.8157894736842105,0.868421052631579
2,159,0.3756540358066559,0.8333333333333334,0.3931467815449363,0.8157894736842105,0.868421052631579
2,160,0.36082047581672666,0.8466666666666667,0.393147012120799,0.8157894736842105,0.868421052631579
3,0,0.6880053242047628,0.58,0.694388210773468,0.5263157894736842,0.5263157894736842
3,1,0.6880215358734131,0.6333333333333333,0.6937515202321505,0.5,0.5263157894736842
3,2,0.6757908542950948,0.76,0.693188632789411,0.5263157894736842,0.5263157894736842
3,3,0.6684756620724996,0.7466666666666667,0.6933650374412537,0.5263157894736842,0.5263157894736842
3,4,0.6562005996704101,0.72,0.695361686380286,0.5263157894736842,0.5263157894736842
3,5,0.6487013641993205,0.7066666666666667,0.6993663185521176,0.5263157894736842,0.5263157894736842
3,6,0.6324341384569804,0.7,0.7046728165526139,0.5263157894736842,0.5263157894736842
3,7,0.621146624883016,0.7,0.7108843075601678,0.5263157894736842,0.5263157894736842
3,8,0.6098184712727864,0.7,0.7176555301013746,0.5263157894736842,0.5263157894736842
3,9,0.6021907488505046,0.7,0.728875059830515,0.5263157894736842,0.5263157894736842
3,10,0.5950514364242554,0.7,0.7407403525553251,0.5263157894736842,0.5263157894736842
3,11,0.5915427279472351,0.7,0.7473783994975843,0.5263157894736842,0.5263157894736842
3,12,0.5865147423744201,0.7,0.7511907972787556,0.5263157894736842,0.5263157894736842
3,13,0.583386173248291,0.7,0.7495955511143333,0.5263157894736842,0.5263157894736842
3,14,0.5746798531214397,0.7,0.7436255436194571,0.5263157894736842,0.5263157894736842
3,15,0.5730622951189677,0.7,0.7388188462508353,0.5263157894736842,0.5263157894736842
3,16,0.5679491535822551,0.7,0.7294382547077379,0.5263157894736842,0.5263157894736842
3,17,0.5602089611689249,0.72,0.727960583410765,0.5263157894736842,0.5263157894736842
3,18,0.5564055387179057,0.72,0.7259736061096191,0.5526315789473685,0.5526315789473685
3,19,0.5531698354085286,0.7333333333333333,0.7236248066550807,0.5526315789473685,0.5526315789473685
3,20,0.5428684322039287,0.74,0.7241876407673484,0.5,0.5526315789473685
3,21,0.5488020086288452,0.7466666666666667,0.7170929814639845,0.5,0.5526315789473685
3,22,0.5398593783378601,0.7533333333333333,0.72080628809176,0.5,0.5526315789473685
3,23,0.5338441483179728,0.76,0.7108287340716312,0.5263157894736842,0.5526315789473685
3,24,0.5285770026842753,0.7466666666666667,0.7103468713007475,0.5263157894736842,0.5526315789473685
3,25,0.5209011109670003,0.7666666666666667,0.7067915514895791,0.5,0.5526315789473685
3,26,0.5218911918004354,0.7333333333333333,0.7013895762594122,0.5,0.5526315789473685
3,27,0.5106855964660645,0.72,0.7144460834954914,0.5,0.5526315789473685
3,28,0.507802406946818,0.76,0.7266163229942322,0.5,0.5526315789473685
3,29,0.5016737631956736,0.74,0.7175688273028323,0.5,0.5526315789473685
3,30,0.5051604274908702,0.7533333333333333,0.7100927735629835,0.5263157894736842,0.5526315789473685
3,31,0.4864980967839559,0.7666666666666667,0.704621318139528,0.5526315789473685,0.5526315789473685
3,32,0.4907773979504903,0.76,0.7031740358001307,0.5263157894736842,0.5526315789473685
3,33,0.48174957434336346,0.7733333333333333,0.708260244444797,0.5263157894736842,0.5526315789473685
3,34,0.48096670746803283,0.78,0.7104453381739164,0.5263157894736842,0.5526315789473685
3,35,0.47989822387695313,0.7666666666666667,0.7109436110446328,0.5789473684210527,0.5789473684210527
3,36,0.4694269418716431,0.78,0.7013957908279017,0.5789473684210527,0.5789473684210527
3,37,0.4678729550043742,0.7666666666666667,0.6791524981197558,0.5789473684210527,0.5789473684210527
3,38,0.46193140586217246,0.76,0.6907678622948495,0.6052631578947368,0.6052631578947368
3,39,0.462068790992101,0.7866666666666666,0.7208424837965715,0.6052631578947368,0.6052631578947368
3,40,0.4562613344192505,0.7866666666666666,0.6966891037790399,0.5789473684210527,0.6052631578947368
3,41,0.45570424556732175,0.7866666666666666,0.6873160067357516,0.5789473684210527,0.6052631578947368
3,42,0.4443627162774404,0.7733333333333333,0.6998604347831324,0.5789473684210527,0.6052631578947368
3,43,0.4472012805938721,0.7733333333333333,0.7086641192436218,0.6052631578947368,0.6052631578947368
3,44,0.44093596935272217,0.7933333333333333,0.6922787114193565,0.5789473684210527,0.6052631578947368
3,45,0.4328351084391276,0.7866666666666666,0.6784307988066423,0.631578947368421,0.631578947368421
3,46,0.4307161513964335,0.7866666666666666,0.6960064988387259,0.6052631578947368,0.631578947368421
3,47,0.42501855770746866,0.8,0.6908724841318632,0.631578947368421,0.631578947368421
3,48,0.42792427221934,0.78,0.6946708026685213,0.631578947368421,0.631578947368421
3,49,0.4236043651898702,0.7866666666666666,0.6918094785589921,0.631578947368421,0.631578947368421
3,50,0.4209515921274821,0.7933333333333333,0.6618757655746058,0.6578947368421053,0.6578947368421053
3,51,0.41983702500661213,0.8066666666666666,0.7029386821546053,0.631578947368421,0.6578947368421053
3,52,0.4098527352015177,0.8066666666666666,0.6857336696825529,0.631578947368421,0.6578947368421053
3,53,0.41533068895339964,0.8,0.68502193061929,0.6578947368421053,0.6578947368421053
3,54,0.40813808123270673,0.8066666666666666,0.6806431444067704,0.6578947368421053,0.6578947368421053
3,55,0.4081231192747752,0.8066666666666666,0.6774056867549294,0.6578947368421053,0.6578947368421053
3,56,0.4062151841322581,0.7933333333333333,0.6788159138277957,0.6578947368421053,0.6578947368421053
3,57,0.39749431451161704,0.7933333333333333,0.6942339915978281,0.6578947368421053,0.6578947368421053
3,58,0.3995120773712794,0.8,0.6832313788564581,0.6578947368421053,0.6578947368421053
3,59,0.3979703688621521,0.82,0.6862709051684329,0.6578947368421053,0.6578947368421053
3,60,0.39851826111475624,0.8,0.6595349688279001,0.6578947368421053,0.6578947368421053
3,61,0.39240168730417885,0.8,0.683895911041059,0.6578947368421053,0.6578947368421053
3,62,0.39302225212256114,0.8,0.669205715781764,0.6578947368421053,0.6578947368421053
3,63,0.38098947604497274,0.8066666666666666,0.6823659696077046,0.6578947368421053,0.6578947368421053
3,64,0.3835091276963552,0.8066666666666666,0.6922062415825693,0.6578947368421053,0.6578947368421053
3,65,0.38859142780303957,0.8066666666666666,0.6722440186299776,0.6578947368421053,0.6578947368421053
3,66,0.3684829266866048,0.8333333333333334,0.6757033718259711,0.6578947368421053,0.6578947368421053
3,67,0.3716455062230428,0.8133333333333334,0.6739998365703382,0.6578947368421053,0.6578947368421053
3,68,0.3723667848110199,0.8066666666666666,0.6607103849712171,0.6578947368421053,0.6578947368421053
3,69,0.36769871989885966,0.82,0.6793145474634672,0.6578947368421053,0.6578947368421053
3,70,0.36488677382469176,0.8133333333333334,0.6808920126212271,0.6842105263157895,0.6842105263157895
3,71,0.37199367602666217,0.82,0.7131232838881644,0.7105263157894737,0.7105263157894737
3,72,0.370512866973877,0.84,0.6739995824663263,0.6842105263157895,0.7105263157894737
3,73,0.3631864754358927,0.8066666666666666,0.6312596703830519,0.6578947368421053,0.7105263157894737
3,74,0.3623370699087779,0.8333333333333334,0.6748443120404294,0.6842105263157895,0.7105263157894737
3,75,0.3618267770608266,0.8266666666666667,0.7137375473976135,0.7105263157894737,0.7105263157894737
3,76,0.35872780362764994,0.8333333333333334,0.7193038055771276,0.7105263157894737,0.7105263157894737
3,77,0.3529398743311564,0.8266666666666667,0.6767118604559648,0.6842105263157895,0.7105263157894737
3,78,0.35178583025932314,0.8333333333333334,0.6475634229810614,0.6842105263157895,0.7105263157894737
3,79,0.36129358927408856,0.82,0.6470451135384409,0.6842105263157895,0.7105263157894737
3,80,0.3534679687023163,0.8466666666666667,0.6416049599647522,0.7105263157894737,0.7105263157894737
3,81,0.35225165843963624,0.8333333333333334,0.634775139783558,0.7105263157894737,0.7105263157894737
3,82,0.33239265243212385,0.8466666666666667,0.6713029804982638,0.6842105263157895,0.7105263157894737
3,83,0.34395077466964724,0.84,0.6747552438786155,0.6842105263157895,0.7105263157894737
3,84,0.34425092697143556,0.8333333333333334,0.6497128668584322,0.7105263157894737,0.7105263157894737
3,85,0.3402258924643199,0.8333333333333334,0.6736419295009813,0.7105263157894737,0.7105263157894737
3,86,0.34673580050468444,0.84,0.6978797536147269,0.7105263157894737,0.7105263157894737
3,87,0.3514823083082835,0.8533333333333334,0.7093335703799599,0.7105263157894737,0.7105263157894737
3,88,0.3456518824895223,0.84,0.6656219425954317,0.7105263157894737,0.7105263157894737
3,89,0.3310030174255371,0.86,0.6360253942640204,0.7105263157894737,0.7105263157894737
3,90,0.3335243272781372,0.8466666666666667,0.6392314339938917,0.7105263157894737,0.7105263157894737
3,91,0.32662346720695495,0.8466666666666667,0.6767889543583518,0.7105263157894737,0.7105263157894737
3,92,0.3269619377454122,0.86,0.7123121556482817,0.7105263157894737,0.7105263157894737
3,93,0.3416130018234253,0.84,0.7058618915708441,0.7368421052631579,0.7368421052631579
3,94,0.3360901761054993,0.86,0.6783320997890673,0.7105263157894737,0.7368421052631579
3,95,0.33425303260485334,0.8466666666666667,0.6620191178823772,0.7105263157894737,0.7368421052631579
3,96,0.3279807078838348,0.8533333333333334,0.68577557174783,0.7105263157894737,0.7368421052631579
3,97,0.33169268488883974,0.84,0.6760445644980982,0.7105263157894737,0.7368421052631579
3,98,0.31739778916041056,0.84,0.6643219621557939,0.7105263157894737,0.7368421052631579
3,99,0.3333607975641886,0.8333333333333334,0.6666019339310495,0.7105263157894737,0.7368421052631579
3,100,0.3175243719418844,0.8666666666666667,0.6754317565968162,0.7105263157894737,0.7368421052631579
3,101,0.3240723979473114,0.8466666666666667,0.6708695982631884,0.7105263157894737,0.7368421052631579
3,102,0.3232373716433843,0.86,0.6741811507626584,0.7105263157894737,0.7368421052631579
3,103,0.3287490705649058,0.8466666666666667,0.6853762331761812,0.7105263157894737,0.7368421052631579
3,104,0.3228813085953395,0.8466666666666667,0.6915650085399025,0.7368421052631579,0.7368421052631579
3,105,0.3351643804709117,0.8733333333333333,0.7107396157164323,0.7368421052631579,0.7368421052631579
3,106,0.32189523220062255,0.8533333333333334,0.674442143816697,0.7105263157894737,0.7368421052631579
3,107,0.3167459976673126,0.84,0.6570149565997877,0.7105263157894737,0.7368421052631579
3,108,0.3179513164361318,0.8333333333333334,0.669403474581869,0.7105263157894737,0.7368421052631579
3,109,0.32432492772738136,0.8466666666666667,0.6759408618274488,0.7105263157894737,0.7368421052631579
3,110,0.31377278923988344,0.86,0.681103013063732,0.7105263157894737,0.7368421052631579
3,111,0.32587759574254355,0.8666666666666667,0.6886052332426372,0.7368421052631579,0.7368421052631579
3,112,0.329571232398351,0.8533333333333334,0.691740936354587,0.7368421052631579,0.7368421052631579
3,113,0.32235507090886434,0.8733333333333333,0.7090504545914499,0.7368421052631579,0.7368421052631579
3,114,0.32745800336201986,0.8733333333333333,0.7100152122346979,0.7368421052631579,0.7368421052631579
3,115,0.31606061637401583,0.86,0.7016306080316242,0.7368421052631579,0.7368421052631579
3,116,0.31947497208913167,0.84,0.6840837033171403,0.7105263157894737,0.7368421052631579
3,117,0.3246859359741211,0.86,0.6712385353289152,0.7105263157894737,0.7368421052631579
3,118,0.31472394466400144,0.86,0.6551061649071542,0.7105263157894737,0.7368421052631579
3,119,0.3201867663860321,0.8666666666666667,0.6605884275938335,0.7105263157894737,0.7368421052631579
3,120,0.31277244130770365,0.8466666666666667,0.6777569745716295,0.7105263157894737,0.7368421052631579
3,121,0.3150191605091095,0.8533333333333334,0.6913003419574938,0.7368421052631579,0.7368421052631579
3,122,0.3340102525552114,0.8733333333333333,0.7099291556759885,0.7368421052631579,0.7368421052631579
3,123,0.3149250026543935,0.8666666666666667,0.7098732841642279,0.7368421052631579,0.7368421052631579
3,124,0.3098578882217407,0.86,0.7065908626506203,0.7368421052631579,0.7368421052631579
3,125,0.32055162469546,0.8466666666666667,0.7004578646860624,0.7368421052631579,0.7368421052631579
3,126,0.3228773240248362,0.86,0.6929002529696414,0.7368421052631579,0.7368421052631579
3,127,0.32021343370278676,0.8533333333333334,0.682972672738527,0.7105263157894737,0.7368421052631579
3,128,0.3080705104271571,0.8666666666666667,0.6753193422367698,0.7105263157894737,0.7368421052631579
3,129,0.30867653449376425,0.8733333333333333,0.6741691670919719,0.7105263157894737,0.7368421052631579
3,130,0.3041595506668091,0.8466666666666667,0.6735604813224391,0.7105263157894737,0.7368421052631579
3,131,0.3414995761712392,0.8533333333333334,0.6848090479248449,0.7368421052631579,0.7368421052631579
3,132,0.3009650305906932,0.8533333333333334,0.6965998568032917,0.7368421052631579,0.7368421052631579
3,133,0.30897350509961446,0.86,0.6949636089174371,0.7368421052631579,0.7368421052631579
3,134,0.31589221795399985,0.86,0.6908570120209142,0.7368421052631579,0.7368421052631579
3,135,0.3143209934234619,0.86,0.6902517739095186,0.7368421052631579,0.7368421052631579
3,136,0.32504289865493774,0.8466666666666667,0.6879587330316242,0.7368421052631579,0.7368421052631579
3,137,0.30847219089667005,0.8733333333333333,0.6845097259471291,0.7105263157894737,0.7368421052631579
3,138,0.3126091353098551,0.8666666666666667,0.6814875571351302,0.7105263157894737,0.7368421052631579
3,139,0.3115658724308014,0.8533333333333334,0.6824210788074293,0.7105263157894737,0.7368421052631579
3,140,0.3124284633000692,0.8733333333333333,0.681662380695343,0.7105263157894737,0.7368421052631579
3,141,0.3201814214388529,0.8533333333333334,0.6819424409615366,0.7105263157894737,0.7368421052631579
3,142,0.30073330481847127,0.88,0.6832439522994193,0.7105263157894737,0.7368421052631579
3,143,0.32066516995429994,0.86,0.6833551400586179,0.7105263157894737,0.7368421052631579
3,144,0.31550809025764465,0.8466666666666667,0.6848807868204618,0.7105263157894737,0.7368421052631579
3,145,0.3169263704617818,0.86,0.6854579950633802,0.7105263157894737,0.7368421052631579
3,146,0.3096673325697581,0.86,0.6862836291915492,0.7368421052631579,0.7368421052631579
3,147,0.32325175126393635,0.8533333333333334,0.6869319081306458,0.7368421052631579,0.7368421052631579
3,148,0.32339847723642984,0.86,0.6866332574894554,0.7368421052631579,0.7368421052631579
3,149,0.3056037346522013,0.8866666666666667,0.6871302755255448,0.7368421052631579,0.7368421052631579
3,150,0.3178439136346181,0.86,0.6869916821780958,0.7368421052631579,0.7368421052631579
3,151,0.3113802391290665,0.8533333333333334,0.6868756350718046,0.7368421052631579,0.7368421052631579
3,152,0.3051262013117472,0.86,0.6866533662143507,0.7368421052631579,0.7368421052631579
3,153,0.31188340663909914,0.86,0.6869388536403054,0.7368421052631579,0.7368421052631579
3,154,0.30926657299200694,0.8466666666666667,0.6866385403432345,0.7368421052631579,0.7368421052631579
3,155,0.32272550026575725,0.8533333333333334,0.6863621190974587,0.7368421052631579,0.7368421052631579
3,156,0.29767357885837553,0.86,0.6862276102367201,0.7368421052631579,0.7368421052631579
3,157,0.32144292116165163,0.8466666666666667,0.6862534441446003,0.7368421052631579,0.7368421052631579
3,158,0.3046686760584513,0.8733333333333333,0.6863367275187844,0.7368421052631579,0.7368421052631579
3,159,0.30625946084658306,0.8733333333333333,0.6863829681747838,0.7368421052631579,0.7368421052631579
3,160,0.32008888165156046,0.8533333333333334,0.6863902650381389,0.7368421052631579,0.7368421052631579
4,0,0.6516638469222366,0.6556291390728477,0.6274535672084706,0.7027027027027027,0.7027027027027027
4,1,0.653670407683644,0.6556291390728477,0.6247044125118771,0.7027027027027027,0.7027027027027027
4,2,0.6494195358642679,0.6556291390728477,0.620055111678871,0.7027027027027027,0.7027027027027027
4,3,0.6466505910387103,0.6556291390728477,0.6154488760071832,0.7027027027027027,0.7027027027027027
4,4,0.6434471697996784,0.6556291390728477,0.60976984855291,0.7027027027027027,0.7027027027027027
4,5,0.6393883587508802,0.6556291390728477,0.6047159497802322,0.7027027027027027,0.7027027027027027
4,6,0.636956199510208,0.6556291390728477,0.6000340097659344,0.7027027027027027,0.7027027027027027
4,7,0.6358258550530238,0.6556291390728477,0.5955926051010957,0.7027027027027027,0.7027027027027027
4,8,0.6323889580783465,0.6556291390728477,0.5920689830908904,0.7027027027027027,0.7027027027027027
4,9,0.6297400988490376,0.6556291390728477,0.5886705646643767,0.7027027027027027,0.7027027027027027
4,10,0.6259456821624806,0.6556291390728477,0.5854574844643876,0.7027027027027027,0.7027027027027027
4,11,0.6249683976962866,0.6556291390728477,0.5825516581535339,0.7027027027027027,0.7027027027027027
4,12,0.6213146515239943,0.6556291390728477,0.5792618603319735,0.7027027027027027,0.7027027027027027
4,13,0.6164323734921335,0.6556291390728477,0.5758587315275863,0.7027027027027027,0.7027027027027027
4,14,0.6175702837918768,0.6556291390728477,0.5732491225809664,0.7027027027027027,0.7027027027027027
4,15,0.6123985190265226,0.6556291390728477,0.5694026657052942,0.7027027027027027,0.7027027027027027
4,16,0.6091082739514231,0.6556291390728477,0.565698145209132,0.7027027027027027,0.7027027027027027
4,17,0.6051065033634767,0.6490066225165563,0.5605912595181852,0.7027027027027027,0.7027027027027027
4,18,0.6021297045101394,0.6490066225165563,0.5567075078551834,0.7027027027027027,0.7027027027027027
4,19,0.5952912419047577,0.6556291390728477,0.5514959515752019,0.7027027027027027,0.7027027027027027
4,20,0.5912854328060781,0.6423841059602649,0.5455728398787009,0.7297297297297297,0.7297297297297297
4,21,0.5896371516170881,0.6357615894039735,0.5401290445714384,0.7027027027027027,0.7297297297297297
4,22,0.5833122402626947,0.6556291390728477,0.5356747040877471,0.7027027027027027,0.7297297297297297
4,23,0.5774596005875543,0.6622516556291391,0.5309901205269066,0.7027027027027027,0.7297297297297297
4,24,0.5759985348246744,0.6688741721854304,0.5272533474741755,0.7027027027027027,0.7297297297297297
4,25,0.572343393272122,0.6754966887417219,0.5233679607107833,0.7027027027027027,0.7297297297297297
4,26,0.5730243183129671,0.6887417218543046,0.5201140899915953,0.7027027027027027,0.7297297297297297
4,27,0.5647260305897289,0.6821192052980133,0.5161554249557289,0.7027027027027027,0.7297297297297297
4,28,0.5621689656712362,0.7019867549668874,0.5135432224015932,0.7297297297297297,0.7297297297297297
4,29,0.5567298002590407,0.6821192052980133,0.5101692644325463,0.7297297297297297,0.7297297297297297
4,30,0.5526671768813733,0.7417218543046358,0.5069269344613359,0.7297297297297297,0.7297297297297297
4,31,0.5527387162707499,0.7284768211920529,0.5035435960099504,0.7297297297297297,0.7297297297297297
4,32,0.547238979513282,0.7417218543046358,0.5009317752477285,0.7297297297297297,0.7297297297297297
4,33,0.5469776909082931,0.7417218543046358,0.4988540974823204,0.7297297297297297,0.7297297297297297
4,34,0.5410664724987864,0.7350993377483444,0.4962868271647273,0.7297297297297297,0.7297297297297297
4,35,0.5332922694698864,0.7483443708609272,0.4940721827584344,0.7027027027027027,0.7297297297297297
4,36,0.5349661107884337,0.7218543046357616,0.4919106928077904,0.7027027027027027,0.7297297297297297
4,37,0.5322088764992771,0.7152317880794702,0.48934905110178767,0.7297297297297297,0.7297297297297297
4,38,0.5268952317585219,0.7218543046357616,0.48687762505299337,0.7027027027027027,0.7297297297297297
4,39,0.521469057790491,0.7218543046357616,0.4861664127659153,0.7027027027027027,0.7297297297297297
4,40,0.5216612294809708,0.7152317880794702,0.48293334406775396,0.7027027027027027,0.7297297297297297
4,41,0.5147751988164636,0.7417218543046358,0.4801083319895976,0.7027027027027027,0.7297297297297297
4,42,0.511743316389867,0.7682119205298014,0.4788217157930941,0.7027027027027027,0.7297297297297297
4,43,0.5093264508721055,0.7748344370860927,0.47611519130500585,0.7297297297297297,0.7297297297297297
4,44,0.5085152466565568,0.7549668874172185,0.47426700592041016,0.7297297297297297,0.7297297297297297
4,45,0.5000136040693877,0.7682119205298014,0.472135108870429,0.7297297297297297,0.7297297297297297
4,46,0.4969361862599455,0.7748344370860927,0.47108160805057836,0.7297297297297297,0.7297297297297297
4,47,0.4949318403439806,0.7682119205298014,0.4701043012979868,0.7027027027027027,0.7297297297297297
4,48,0.49496384744612587,0.7880794701986755,0.46855703721175324,0.7297297297297297,0.7297297297297297
4,49,0.4914813625891477,0.7682119205298014,0.46641893966777903,0.7297297297297297,0.7297297297297297
4,50,0.48408038884598686,0.7947019867549668,0.4655280113220215,0.7297297297297297,0.7297297297297297
4,51,0.48053098534116684,0.7748344370860927,0.465193421454043,0.7297297297297297,0.7297297297297297
4,52,0.4841405999976278,0.7814569536423841,0.4639311755025709,0.7297297297297297,0.7297297297297297
4,53,0.47547692020997306,0.7880794701986755,0.46186902394165863,0.7297297297297297,0.7297297297297297
4,54,0.46915312634398604,0.7814569536423841,0.4613972773423066,0.7027027027027027,0.7297297297297297
4,55,0.47366971113034434,0.7814569536423841,0.4621355082537677,0.6756756756756757,0.7297297297297297
4,56,0.46785334048681704,0.7880794701986755,0.4615397179448927,0.6756756756756757,0.7297297297297297
4,57,0.46253988699407766,0.7814569536423841,0.470584334553899,0.7027027027027027,0.7297297297297297
4,58,0.4645007319797743,0.7947019867549668,0.4589994034251651,0.6756756756756757,0.7297297297297297
4,59,0.4570729708829463,0.7814569536423841,0.4607773664835337,0.6756756756756757,0.7297297297297297
4,60,0.45641325206946065,0.7880794701986755,0.4627734503230533,0.6756756756756757,0.7297297297297297
4,61,0.4497928118074177,0.7814569536423841,0.4612088219539539,0.6756756756756757,0.7297297297297297
4,62,0.4464819255648859,0.7880794701986755,0.46611287787153916,0.6756756756756757,0.7297297297297297
4,63,0.44543242316372345,0.7880794701986755,0.4675293677561992,0.6756756756756757,0.7297297297297297
4,64,0.43922142556171545,0.7880794701986755,0.4629776510032448,0.6756756756756757,0.7297297297297297
4,65,0.43580355391597114,0.7814569536423841,0.4617347910597518,0.6756756756756757,0.7297297297297297
4,66,0.430681753829615,0.7880794701986755,0.46014272039001053,0.6756756756756757,0.7297297297297297
4,67,0.43375361518354605,0.7814569536423841,0.45891247891091014,0.7027027027027027,0.7297297297297297
4,68,0.4355889584449743,0.7880794701986755,0.46627834197637197,0.7297297297297297,0.7297297297297297
4,69,0.4353268410985833,0.7748344370860927,0.46177002223762303,0.7027027027027027,0.7297297297297297
4,70,0.4438927714398365,0.7880794701986755,0.45780735080306595,0.6756756756756757,0.7297297297297297
4,71,0.43454686280907384,0.7947019867549668,0.46106347200032827,0.7027027027027027,0.7297297297297297
4,72,0.42195684072987133,0.7814569536423841,0.4649425068417111,0.7297297297297297,0.7297297297297297
4,73,0.4347562292553731,0.7880794701986755,0.4578371982316713,0.7027027027027027,0.7297297297297297
4,74,0.42973346051001393,0.8013245033112583,0.45499542436084234,0.7027027027027027,0.7297297297297297
4,75,0.4228609614814354,0.7947019867549668,0.4641231491759017,0.7297297297297297,0.7297297297297297
4,76,0.4331243462515193,0.8079470198675497,0.47636978690688675,0.8108108108108109,0.8108108108108109
4,77,0.41318422141454075,0.7947019867549668,0.4530979765428079,0.7297297297297297,0.8108108108108109
4,78,0.4171608746643887,0.7880794701986755,0.4533566365370879,0.7297297297297297,0.8108108108108109
4,79,0.42587691624433,0.7947019867549668,0.4528234294942907,0.7297297297297297,0.8108108108108109
4,80,0.4189084456456418,0.7880794701986755,0.4556733820889447,0.7027027027027027,0.8108108108108109
4,81,0.41406045232387567,0.7880794701986755,0.4592128025518881,0.7567567567567568,0.8108108108108109
4,82,0.41078461341510547,0.7947019867549668,0.45479540083859415,0.7297297297297297,0.8108108108108109
4,83,0.4101212310869962,0.8079470198675497,0.4556690824998392,0.7297297297297297,0.8108108108108109
4,84,0.4078440245808355,0.7814569536423841,0.458489930307543,0.7567567567567568,0.8108108108108109
4,85,0.40472412760684034,0.8013245033112583,0.4578269269015338,0.7837837837837838,0.8108108108108109
4,86,0.4087043749970316,0.7814569536423841,0.455317366767574,0.7837837837837838,0.8108108108108109
4,87,0.4013493676848759,0.7947019867549668,0.4552562269004616,0.7837837837837838,0.8108108108108109
4,88,0.40419345186246153,0.8145695364238411,0.44847037018956365,0.7567567567567568,0.8108108108108109
4,89,0.41311506700042067,0.8013245033112583,0.44887167376440923,0.7567567567567568,0.8108108108108109
4,90,0.40580876043300756,0.8013245033112583,0.45885540021432414,0.7837837837837838,0.8108108108108109
4,91,0.4068647230303051,0.8013245033112583,0.4521999326912132,0.7567567567567568,0.8108108108108109
4,92,0.4219576787474929,0.8013245033112583,0.44920278078800924,0.7567567567567568,0.8108108108108109
4,93,0.3988483368560968,0.8145695364238411,0.4505140507543409,0.7567567567567568,0.8108108108108109
4,94,0.3949532477271478,0.8013245033112583,0.45174062896419215,0.7837837837837838,0.8108108108108109
4,95,0.3950048665337215,0.7947019867549668,0.4513003375079181,0.7837837837837838,0.8108108108108109
4,96,0.40119799083431823,0.7947019867549668,0.4538547187238126,0.7837837837837838,0.8108108108108109
4,97,0.3995297095238768,0.8013245033112583,0.451399070185584,0.7837837837837838,0.8108108108108109
4,98,0.3934672226179515,0.8278145695364238,0.4537845286163124,0.7837837837837838,0.8108108108108109
4,99,0.39495876984090994,0.8145695364238411,0.4548921101802104,0.7837837837837838,0.8108108108108109
4,100,0.3990666666962453,0.8211920529801324,0.4494250722833582,0.7837837837837838,0.8108108108108109
4,101,0.39421910718576797,0.7947019867549668,0.44547356624861023,0.7567567567567568,0.8108108108108109
4,102,0.39989470685554657,0.8013245033112583,0.4470136149509533,0.7567567567567568,0.8108108108108109
4,103,0.3916173117445005,0.8145695364238411,0.45090934231474594,0.7837837837837838,0.8108108108108109
4,104,0.39892854753708995,0.8079470198675497,0.45820048370876826,0.7837837837837838,0.8108108108108109
4,105,0.3928894901907207,0.8344370860927153,0.45661132077913025,0.7837837837837838,0.8108108108108109
4,106,0.393051885019075,0.8079470198675497,0.45067157294299154,0.7837837837837838,0.8108108108108109
4,107,0.37904266529525354,0.8410596026490066,0.44685668075406876,0.7567567567567568,0.8108108108108109
4,108,0.38830879389844986,0.8278145695364238,0.44511414862967824,0.7567567567567568,0.8108108108108109
4,109,0.39144051035508415,0.8079470198675497,0.44514494006698196,0.7567567567567568,0.8108108108108109
4,110,0.3971900394223384,0.8211920529801324,0.44807778661315506,0.7567567567567568,0.8108108108108109
4,111,0.3952160807240088,0.8211920529801324,0.45023145224597005,0.7837837837837838,0.8108108108108109
4,112,0.3884188167701494,0.8145695364238411,0.4506775849574321,0.7837837837837838,0.8108108108108109
4,113,0.39189475932658113,0.8278145695364238,0.4532636855099652,0.7837837837837838,0.8108108108108109
4,114,0.3844091665271102,0.8543046357615894,0.4511733345083288,0.7837837837837838,0.8108108108108109
4,115,0.389637824715368,0.8079470198675497,0.44871416607418574,0.7837837837837838,0.8108108108108109
4,116,0.3776468623750257,0.8079470198675497,0.4489965084436777,0.7837837837837838,0.8108108108108109
4,117,0.38007335670736453,0.8344370860927153,0.4485004946992204,0.7567567567567568,0.8108108108108109
4,118,0.3875140271439458,0.8145695364238411,0.446542370963741,0.7567567567567568,0.8108108108108109
4,119,0.3842695949488128,0.8211920529801324,0.4471426509522103,0.7567567567567568,0.8108108108108109
4,120,0.3884346550268843,0.8145695364238411,0.4471717637938422,0.7567567567567568,0.8108108108108109
4,121,0.3837642938096002,0.8344370860927153,0.44890700482033397,0.7567567567567568,0.8108108108108109
4,122,0.3834669366972336,0.8211920529801324,0.45058737413303274,0.7837837837837838,0.8108108108108109
4,123,0.3910216175957231,0.8079470198675497,0.4467453312229466,0.7567567567567568,0.8108108108108109
4,124,0.38029112405334875,0.8344370860927153,0.4459764087522352,0.7567567567567568,0.8108108108108109
4,125,0.4012936776047511,0.7947019867549668,0.4461737581201502,0.7567567567567568,0.8108108108108109
4,126,0.3916986474138222,0.8410596026490066,0.44622600078582764,0.7567567567567568,0.8108108108108109
4,127,0.38112746248182083,0.8145695364238411,0.44703401262695724,0.7567567567567568,0.8108108108108109
4,128,0.372236867219407,0.8145695364238411,0.44737359156479706,0.7567567567567568,0.8108108108108109
4,129,0.37906327646299703,0.8278145695364238,0.4483624535637933,0.7567567567567568,0.8108108108108109
4,130,0.3885863411505491,0.8079470198675497,0.44855258915875407,0.7567567567567568,0.8108108108108109
4,131,0.3710426634905354,0.8211920529801324,0.44736548694404393,0.7567567567567568,0.8108108108108109
4,132,0.38169943240304655,0.8145695364238411,0.44768374352841767,0.7567567567567568,0.8108108108108109
4,133,0.38017797568775963,0.8145695364238411,0.44813612506196304,0.7567567567567568,0.8108108108108109
4,134,0.37623410390702305,0.8145695364238411,0.44900185675234405,0.7567567567567568,0.8108108108108109
4,135,0.38463512477495815,0.8410596026490066,0.4484530236269977,0.7567567567567568,0.8108108108108109
4,136,0.3726557589919362,0.8278145695364238,0.4488122318242047,0.7567567567567568,0.8108108108108109
4,137,0.368243481347103,0.8211920529801324,0.4494160897022969,0.7837837837837838,0.8108108108108109
4,138,0.3847951855485802,0.8013245033112583,0.4497270036388088,0.7837837837837838,0.8108108108108109
4,139,0.390304602139833,0.8145695364238411,0.44909253958109263,0.7837837837837838,0.8108108108108109
4,140,0.3655549378584552,0.8079470198675497,0.4490168948431273,0.7837837837837838,0.8108108108108109
4,141,0.37787624660706676,0.8211920529801324,0.4497891777270549,0.7837837837837838,0.8108108108108109
4,142,0.37247213662065415,0.8278145695364238,0.4500385700045405,0.7837837837837838,0.8108108108108109
4,143,0.38636673759940443,0.8211920529801324,0.45042825067365494,0.7837837837837838,0.8108108108108109
4,144,0.3752137248879237,0.8278145695364238,0.4510137551539653,0.7837837837837838,0.8108108108108109
4,145,0.38059715206259925,0.8410596026490066,0.45134581746281804,0.7837837837837838,0.8108108108108109
4,146,0.3861060847115043,0.8145695364238411,0.4517974257469177,0.7837837837837838,0.8108108108108109
4,147,0.3747437470006627,0.8410596026490066,0.45144563591158066,0.7837837837837838,0.8108108108108109
4,148,0.37703506066309694,0.8410596026490066,0.4510898944493887,0.7837837837837838,0.8108108108108109
4,149,0.37999256044034135,0.8211920529801324,0.4507608719774195,0.7837837837837838,0.8108108108108109
4,150,0.3902240154758984,0.8278145695364238,0.45074463051718633,0.7837837837837838,0.8108108108108109
4,151,0.393498925973248,0.8145695364238411,0.4506375709095517,0.7837837837837838,0.8108108108108109
4,152,0.3709455335771801,0.8543046357615894,0.45064394860654267,0.7837837837837838,0.8108108108108109
4,153,0.382171442177122,0.8145695364238411,0.4505903302012263,0.7837837837837838,0.8108108108108109
4,154,0.37813642088151134,0.8211920529801324,0.4505525086377118,0.7837837837837838,0.8108108108108109
4,155,0.36982789734341454,0.8278145695364238,0.4506108019803021,0.7837837837837838,0.8108108108108109
4,156,0.3831981201440293,0.8211920529801324,0.450584137761915,0.7837837837837838,0.8108108108108109
4,157,0.37374981369403815,0.8211920529801324,0.45060961794208837,0.7837837837837838,0.8108108108108109
4,158,0.38339856898547797,0.8211920529801324,0.45062490411706874,0.7837837837837838,0.8108108108108109
4,159,0.3731775110131068,0.8278145695364238,0.45062749450271194,0.7837837837837838,0.8108108108108109
4,160,0.3819233151461115,0.8079470198675497,0.45062878002991547,0.7837837837837838,0.8108108108108109
5,0,0.6613447196436244,0.7152317880794702,0.6613211245150179,0.5945945945945946,0.5945945945945946
5,1,0.6622335275277397,0.7086092715231788,0.6581183478638932,0.6216216216216216,0.6216216216216216
5,2,0.6539518620004717,0.6887417218543046,0.6534385955011522,0.5675675675675675,0.6216216216216216
5,3,0.6470641935897978,0.6887417218543046,0.6481999303843524,0.5945945945945946,0.6216216216216216
5,4,0.6380875525095605,0.6821192052980133,0.644567879470619,0.5945945945945946,0.6216216216216216
5,5,0.6277931585217154,0.6821192052980133,0.6431353704349415,0.5945945945945946,0.6216216216216216
5,6,0.6195583367189824,0.6821192052980133,0.6439473049060719,0.5945945945945946,0.6216216216216216
5,7,0.6124078647190372,0.6821192052980133,0.6454369345226804,0.5945945945945946,0.6216216216216216
5,8,0.6076275572082065,0.6821192052980133,0.6473888996485118,0.5945945945945946,0.6216216216216216
5,9,0.6031809275513453,0.6821192052980133,0.6473862142176241,0.5945945945945946,0.6216216216216216
5,10,0.6028417609385307,0.6821192052980133,0.6466368936203621,0.5945945945945946,0.6216216216216216
5,11,0.5986968713090909,0.6821192052980133,0.6432663105629586,0.5945945945945946,0.6216216216216216
5,12,0.5977949282980912,0.6821192052980133,0.637474140605411,0.5945945945945946,0.6216216216216216
5,13,0.5948865879450412,0.6821192052980133,0.6330912725345509,0.5945945945945946,0.6216216216216216
5,14,0.5931146946174419,0.6821192052980133,0.6305163615458721,0.5945945945945946,0.6216216216216216
5,15,0.5902983790991322,0.6821192052980133,0.6278132780178173,0.5945945945945946,0.6216216216216216
5,16,0.58946429104205,0.6821192052980133,0.6244623644931896,0.5945945945945946,0.6216216216216216
5,17,0.584944516222998,0.6821192052980133,0.6182942245457623,0.5945945945945946,0.6216216216216216
5,18,0.5833443494032551,0.6821192052980133,0.6089889954876255,0.5945945945945946,0.6216216216216216
5,19,0.5831720059281154,0.6821192052980133,0.6019144718711441,0.5945945945945946,0.6216216216216216
5,20,0.5806317487299837,0.6821192052980133,0.5991000581432033,0.6216216216216216,0.6216216216216216
5,21,0.5743511808629067,0.6821192052980133,0.5910732697796177,0.6216216216216216,0.6216216216216216
5,22,0.5709045391209078,0.695364238410596,0.5851724856608623,0.6216216216216216,0.6216216216216216
5,23,0.5698729358761516,0.6887417218543046,0.5755176850267358,0.5945945945945946,0.6216216216216216
5,24,0.5678588550611837,0.7218543046357616,0.5661828332656139,0.6216216216216216,0.6216216216216216
5,25,0.5655380463758052,0.7284768211920529,0.5610196542095494,0.6486486486486487,0.6486486486486487
5,26,0.5652832909925094,0.7218543046357616,0.5575872748284727,0.6486486486486487,0.6486486486486487
5,27,0.5570139022457679,0.7284768211920529,0.5504973579097439,0.6756756756756757,0.6756756756756757
5,28,0.5541133195753919,0.7218543046357616,0.5414663021628922,0.7027027027027027,0.7027027027027027
5,29,0.5544645407341964,0.7152317880794702,0.5357178143552832,0.7027027027027027,0.7027027027027027
5,30,0.5478487583185663,0.7417218543046358,0.5233388897534963,0.7297297297297297,0.7297297297297297
5,31,0.5453671378805148,0.7284768211920529,0.5183997476423109,0.7297297297297297,0.7297297297297297
5,32,0.5389608081602892,0.7417218543046358,0.5103661772367116,0.7567567567567568,0.7567567567567568
5,33,0.5360281913485748,0.7350993377483444,0.5005242325164176,0.7837837837837838,0.7837837837837838
5,34,0.53156199163159,0.7549668874172185,0.4921088863063503,0.7837837837837838,0.7837837837837838
5,35,0.5289346536263725,0.7350993377483444,0.4834449677853971,0.7837837837837838,0.7837837837837838
5,36,0.5266450536961587,0.7350993377483444,0.48244015590564626,0.7837837837837838,0.7837837837837838
5,37,0.5220181547253337,0.7417218543046358,0.47379739058984294,0.8108108108108109,0.8108108108108109
5,38,0.5205315181751125,0.7483443708609272,0.4646096181225132,0.8108108108108109,0.8108108108108109
5,39,0.5149568086428358,0.7417218543046358,0.4567494344066929,0.8108108108108109,0.8108108108108109
5,40,0.5155080927918289,0.7284768211920529,0.45132633963146723,0.8108108108108109,0.8108108108108109
5,41,0.5096641881576437,0.7350993377483444,0.4423675222976788,0.8108108108108109,0.8108108108108109
5,42,0.510318488869446,0.7417218543046358,0.4382384065035227,0.8108108108108109,0.8108108108108109
5,43,0.5028151751354041,0.7417218543046358,0.43477505123293075,0.8108108108108109,0.8108108108108109
5,44,0.4997480209694793,0.7284768211920529,0.42940460185746887,0.8108108108108109,0.8108108108108109
5,45,0.4883664733921455,0.7483443708609272,0.4251989802798709,0.8108108108108109,0.8108108108108109
5,46,0.4981000462904671,0.7483443708609272,0.41872625576483236,0.8108108108108109,0.8108108108108109
5,47,0.4900442344068691,0.7350993377483444,0.4105821074666204,0.8648648648648649,0.8648648648648649
5,48,0.49470882384192866,0.7350993377483444,0.4098494278418051,0.8378378378378378,0.8648648648648649
5,49,0.48526873454352876,0.7417218543046358,0.4095174936023918,0.8108108108108109,0.8648648648648649
5,50,0.4870281357638883,0.7483443708609272,0.4065559007026054,0.8378378378378378,0.8648648648648649
5,51,0.48574828904196127,0.7483443708609272,0.4019885788092742,0.8648648648648649,0.8648648648648649
5,52,0.48105578627807416,0.7549668874172185,0.395075261592865,0.8648648648648649,0.8648648648648649
5,53,0.47121332043054087,0.7417218543046358,0.3908493921563432,0.8648648648648649,0.8648648648648649
5,54,0.47946583178659147,0.7615894039735099,0.39195766803380605,0.8648648648648649,0.8648648648648649
5,55,0.4711962367919897,0.7682119205298014,0.3911125265263222,0.8648648648648649,0.8648648648648649
5,56,0.4758570486346617,0.7682119205298014,0.38243277733390396,0.8648648648648649,0.8648648648648649
5,57,0.4673970400892346,0.7483443708609272,0.37637460876155543,0.8648648648648649,0.8648648648648649
5,58,0.47397369304240144,0.7483443708609272,0.37364542242642995,0.8648648648648649,0.8648648648648649
5,59,0.46611053580479905,0.7549668874172185,0.37616990869109695,0.8648648648648649,0.8648648648648649
5,60,0.45949373300501845,0.7814569536423841,0.3689371331318005,0.8648648648648649,0.8648648648648649
5,61,0.4605879132321339,0.7549668874172185,0.36614529023299347,0.8918918918918919,0.8918918918918919
5,62,0.4572363819507574,0.7483443708609272,0.3638204424767881,0.8918918918918919,0.8918918918918919
5,63,0.45664704359130354,0.7615894039735099,0.36241212165033493,0.8918918918918919,0.8918918918918919
5,64,0.44446997551728556,0.7483443708609272,0.36179326998220906,0.8918918918918919,0.8918918918918919
5,65,0.4475710589364664,0.7748344370860927,0.35974921326379516,0.8918918918918919,0.8918918918918919
5,66,0.44064280430212716,0.7947019867549668,0.3569328341935132,0.8918918918918919,0.8918918918918919
5,67,0.4350780592059458,0.7549668874172185,0.35583675874246135,0.8648648648648649,0.8918918918918919
5,68,0.4457010285349082,0.7880794701986755,0.35410530583278554,0.8918918918918919,0.8918918918918919
5,69,0.4290377055572358,0.7947019867549668,0.3568602437908585,0.8918918918918919,0.8918918918918919
5,70,0.43944487469085797,0.7682119205298014,0.3524136386207632,0.8918918918918919,0.8918918918918919
5,71,0.42891232718695077,0.8013245033112583,0.3502562948175379,0.8918918918918919,0.8918918918918919
5,72,0.4404205158846268,0.7814569536423841,0.34813983295414896,0.8918918918918919,0.8918918918918919
5,73,0.42186984538242517,0.7880794701986755,0.34311376310683583,0.918918918918919,0.918918918918919
5,74,0.42444378334954874,0.8079470198675497,0.3496414447152937,0.8918918918918919,0.918918918918919
5,75,0.4306035912194789,0.8079470198675497,0.3401962446199881,0.8918918918918919,0.918918918918919
5,76,0.4201801356100878,0.8013245033112583,0.344159661515339,0.8918918918918919,0.918918918918919
5,77,0.4183627143995651,0.7947019867549668,0.3408424149493913,0.8918918918918919,0.918918918918919
5,78,0.4390458511990427,0.7748344370860927,0.341261606764149,0.918918918918919,0.918918918918919
5,79,0.4170191159706242,0.8013245033112583,0.3376037647595277,0.8918918918918919,0.918918918918919
5,80,0.4206194889466494,0.8079470198675497,0.3362012296109586,0.8918918918918919,0.918918918918919
5,81,0.4215962898652285,0.7814569536423841,0.3361431126658981,0.8918918918918919,0.918918918918919
5,82,0.4038890440337705,0.8145695364238411,0.3369446900245306,0.8918918918918919,0.918918918918919
5,83,0.41334202155372163,0.8145695364238411,0.3354623406320005,0.8918918918918919,0.918918918918919
5,84,0.4135358276351398,0.8079470198675497,0.3356772882712854,0.8918918918918919,0.918918918918919
5,85,0.4121029305931748,0.8145695364238411,0.33444289299281865,0.8918918918918919,0.918918918918919
5,86,0.39852362535647207,0.8211920529801324,0.3339706530442109,0.8918918918918919,0.918918918918919
5,87,0.4097561650718285,0.8145695364238411,0.3330109739625776,0.8918918918918919,0.918918918918919
5,88,0.411309983161901,0.7947019867549668,0.3308983167281022,0.8918918918918919,0.918918918918919
5,89,0.410654561606464,0.8211920529801324,0.3312559731908747,0.8918918918918919,0.918918918918919
5,90,0.4115911212977984,0.8079470198675497,0.3329009304980974,0.918918918918919,0.918918918918919
5,91,0.40168327487857136,0.8079470198675497,0.32756729705913645,0.8918918918918919,0.918918918918919
5,92,0.39385040903723,0.7947019867549668,0.32801164203398936,0.8918918918918919,0.918918918918919
5,93,0.412312698680044,0.8145695364238411,0.32686504157813817,0.8918918918918919,0.918918918918919
5,94,0.3957984633003639,0.8145695364238411,0.3275195033969106,0.8918918918918919,0.918918918918919
5,95,0.4048187448488956,0.8013245033112583,0.3276184547591854,0.8918918918918919,0.918918918918919
5,96,0.39324209844039765,0.8013245033112583,0.3334225287308564,0.8918918918918919,0.918918918918919
5,97,0.4068746395063716,0.8145695364238411,0.3288655450215211,0.918918918918919,0.918918918918919
5,98,0.39998504006310015,0.8211920529801324,0.32439033002466766,0.8918918918918919,0.918918918918919
5,99,0.3854241327734183,0.8079470198675497,0.32331894458951177,0.8918918918918919,0.918918918918919
5,100,0.4013277625800758,0.8211920529801324,0.3256955799218771,0.8918918918918919,0.918918918918919
5,101,0.39053474810739225,0.7947019867549668,0.32513566919275233,0.918918918918919,0.918918918918919
5,102,0.4004344582952411,0.8211920529801324,0.3273658877288973,0.8918918918918919,0.918918918918919
5,103,0.3893923852222645,0.8278145695364238,0.32342547419908885,0.8918918918918919,0.918918918918919
5,104,0.39631268934698294,0.8211920529801324,0.3223764670861734,0.8918918918918919,0.918918918918919
5,105,0.3965186873413869,0.8013245033112583,0.3225218629514849,0.8918918918918919,0.918918918918919
5,106,0.39512689204405477,0.8278145695364238,0.32234071315945806,0.8918918918918919,0.918918918918919
5,107,0.3970117308446114,0.8145695364238411,0.32298252389237686,0.8918918918918919,0.918918918918919
5,108,0.3910455841891813,0.8344370860927153,0.3238822415068343,0.8918918918918919,0.918918918918919
5,109,0.4102468899148979,0.7748344370860927,0.32253107831284805,0.8918918918918919,0.918918918918919
5,110,0.3730485318907049,0.8211920529801324,0.3221206302578385,0.8918918918918919,0.918918918918919
5,111,0.3886810643783468,0.8344370860927153,0.32163964816041896,0.8918918918918919,0.918918918918919
5,112,0.3922790517870164,0.8211920529801324,0.3215658962726593,0.8918918918918919,0.918918918918919
5,113,0.39223826947985896,0.8278145695364238,0.32120806824516607,0.8918918918918919,0.918918918918919
5,114,0.384948115277764,0.847682119205298,0.3210642664013682,0.8918918918918919,0.918918918918919
5,115,0.3988279907513928,0.8211920529801324,0.32107054220663533,0.8918918918918919,0.918918918918919
5,116,0.3749815219680205,0.8211920529801324,0.3201561441292634,0.8918918918918919,0.918918918918919
5,117,0.3933934239756982,0.8410596026490066,0.3202637893122596,0.8918918918918919,0.918918918918919
5,118,0.3910081767483263,0.8211920529801324,0.32057051441153966,0.8918918918918919,0.918918918918919
5,119,0.39788885740254887,0.8079470198675497,0.3201479271457002,0.8918918918918919,0.918918918918919
5,120,0.386138208851909,0.8211920529801324,0.31995420077362574,0.8918918918918919,0.918918918918919
5,121,0.40857170433398116,0.8145695364238411,0.3200637734419591,0.8918918918918919,0.918918918918919
5,122,0.38631790402709254,0.8344370860927153,0.3203448480045473,0.8918918918918919,0.918918918918919
5,123,0.3863561380383195,0.8344370860927153,0.32035161272899526,0.8918918918918919,0.918918918918919
5,124,0.38121429776513815,0.8278145695364238,0.3201472239719855,0.8918918918918919,0.918918918918919
5,125,0.3892927856634784,0.8278145695364238,0.3203108898691229,0.8918918918918919,0.918918918918919
5,126,0.38934407052614833,0.8211920529801324,0.3198856993301495,0.8918918918918919,0.918918918918919
5,127,0.3769015685612003,0.8278145695364238,0.32007008388235764,0.8918918918918919,0.918918918918919
5,128,0.38209534757184666,0.8079470198675497,0.32099883862443873,0.918918918918919,0.918918918918919
5,129,0.3910107308665648,0.8211920529801324,0.3209032206921964,0.918918918918919,0.918918918918919
5,130,0.38905219013327796,0.8211920529801324,0.3211690549914901,0.918918918918919,0.918918918918919
5,131,0.3782941126665532,0.8344370860927153,0.3218048674029273,0.918918918918919,0.918918918918919
5,132,0.38573720439380366,0.8344370860927153,0.3215421571119412,0.918918918918919,0.918918918918919
5,133,0.3757198522027755,0.8410596026490066,0.3210406335624489,0.918918918918919,0.918918918918919
5,134,0.39912356071124805,0.8145695364238411,0.32087477236180695,0.918918918918919,0.918918918918919
5,135,0.369000172575578,0.847682119205298,0.3198695182800293,0.918918918918919,0.918918918918919
5,136,0.39001381831453336,0.8145695364238411,0.3194387873282304,0.8918918918918919,0.918918918918919
5,137,0.37991251949442933,0.8278145695364238,0.3194091940248335,0.8918918918918919,0.918918918918919
5,138,0.3947999124100666,0.8278145695364238,0.3194534685966131,0.8918918918918919,0.918918918918919
5,139,0.3835111836723934,0.8211920529801324,0.31959574528642604,0.8918918918918919,0.918918918918919
5,140,0.38374873245788726,0.8543046357615894,0.3194528612736109,0.8918918918918919,0.918918918918919
5,141,0.3891496125435987,0.8145695364238411,0.31936835759394877,0.8918918918918919,0.918918918918919
5,142,0.3907461857164143,0.8278145695364238,0.31942707743193655,0.8918918918918919,0.918918918918919
5,143,0.3790367261463443,0.8211920529801324,0.3193918881384102,0.8918918918918919,0.918918918918919
5,144,0.3877409530791226,0.8278145695364238,0.319364206210987,0.8918918918918919,0.918918918918919
5,145,0.3889691543500155,0.8211920529801324,0.31933172570692525,0.8918918918918919,0.918918918918919
5,146,0.3957657610738514,0.8278145695364238,0.3194202833079003,0.8918918918918919,0.918918918918919
5,147,0.39386205128486584,0.8145695364238411,0.3194106821272824,0.8918918918918919,0.918918918918919
5,148,0.3898634379667952,0.8211920529801324,0.3193916432760857,0.8918918918918919,0.918918918918919
5,149,0.3830171156403245,0.8145695364238411,0.3194053813412383,0.8918918918918919,0.918918918918919
5,150,0.3898004674358873,0.8211920529801324,0.31942856311798096,0.8918918918918919,0.918918918918919
5,151,0.39170306131539756,0.8278145695364238,0.3193878265651497,0.8918918918918919,0.918918918918919
5,152,0.3842317383020919,0.8211920529801324,0.31939798271333847,0.8918918918918919,0.918918918918919
5,153,0.3865570964797443,0.8278145695364238,0.3194089543980521,0.8918918918918919,0.918918918918919
5,154,0.3828266213666524,0.8278145695364238,0.31942978783233744,0.8918918918918919,0.918918918918919
5,155,0.3830534646053188,0.8344370860927153,0.31944609010541763,0.8918918918918919,0.918918918918919
5,156,0.38506106282306823,0.8344370860927153,0.3194518870598561,0.8918918918918919,0.918918918918919
5,157,0.38112619716600077,0.8079470198675497,0.3194560557603836,0.8918918918918919,0.918918918918919
5,158,0.3817199223878368,0.8278145695364238,0.3194589844426593,0.8918918918918919,0.918918918918919
5,159,0.38495384778408026,0.8211920529801324,0.3194594777919151,0.8918918918918919,0.918918918918919
5,160,0.38355234778480024,0.8344370860927153,0.31945974601281657,0.8918918918918919,0.918918918918919
